workflow_id,name,path,state,created_at,updated_at
231798,Prombench Workflow,,active,2020-01-11T11:32:28.000Z,2020-01-11T11:32:28.000Z
141980711,Dependabot auto-merge,.github/workflows/automerge-dependabot.yml,active,2025-02-04T07:55:15.000Z,2025-02-12T16:51:42.000Z
20073842,buf.build,.github/workflows/buf-lint.yml,active,2022-02-16T21:25:14.000Z,2022-02-17T23:07:14.000Z
17367646,buf.build,.github/workflows/buf.yml,active,2022-01-04T22:10:31.000Z,2022-02-17T23:07:14.000Z
176196490,Check release notes,.github/workflows/check_release_notes.yml,active,2025-07-22T07:15:56.000Z,2025-08-13T13:34:37.000Z
34174364,CI,.github/workflows/ci.yml,active,2022-09-06T14:40:22.000Z,2026-02-05T09:51:03.000Z
3988507,CodeQL,.github/workflows/codeql-analysis.yml,active,2020-12-02T23:49:05.000Z,2020-12-02T23:49:05.000Z
89357761,Push README to Docker Hub,.github/workflows/container_description.yml,active,2024-03-12T13:14:10.000Z,2024-03-14T07:42:17.000Z
4150407,fuzzing,.github/workflows/fuzzing.yml,active,2020-12-09T20:14:17.000Z,2026-01-13T09:38:18.000Z
15235027,Lock Threads,.github/workflows/lock.yml,active,2021-11-13T21:47:38.000Z,2021-12-03T23:21:20.000Z
186174254,CI (CO2 Task 2),.github/workflows/main.yml,active,2025-09-03T08:53:39.000Z,2025-09-03T08:53:39.000Z
180838329,Check LTS backport labels,.github/workflows/pr.yaml,active,2025-08-12T16:14:38.000Z,2025-08-12T16:26:34.000Z
448814,Prombench Workflow,.github/workflows/prombench.yml,active,2020-01-27T16:39:14.000Z,2020-08-05T07:46:14.000Z
34112164,Sync repo files,.github/workflows/repo_sync.yml,active,2022-09-05T21:09:47.000Z,2022-09-15T12:08:12.000Z
71028636,Scorecards supply-chain security,.github/workflows/scorecards.yml,active,2023-09-29T11:22:39.000Z,2023-09-29T11:30:23.000Z
115253430,Stale Check,.github/workflows/stale.yml,active,2024-09-01T15:52:37.000Z,2024-09-01T15:52:37.000Z
204092714,Copilot code review,dynamic/copilot-pull-request-reviewer/copilot-pull-request-reviewer,active,2025-11-05T08:15:29.000Z,2025-11-05T08:15:29.000Z
224225751,Copilot coding agent,dynamic/copilot-swe-agent/copilot,active,2026-01-16T13:47:03.000Z,2026-01-16T13:47:03.000Z
132495311,Dependabot Updates,dynamic/dependabot/dependabot-updates,active,2024-12-10T15:50:07.000Z,2024-12-10T15:50:07.000Z
216011452,Dependency Graph,dynamic/dependabot/update-graph,active,2025-12-15T11:47:03.000Z,2025-12-15T11:47:03.000Z
